alcoholandtobacco,1
advertising,1
translators,1
chatandmessaging,1
weapons,2
contentserver,2
searchenginesandportals,3
mediasharing,3
personals,3
parked,4
realestate,4
blogsandpersonal,5
religion,6
socialnetworking,7
messageboardsandforums,8
jobrelated,8
foodandrecipes,10
games,12
vehicles,12
economyandfinance,14
adult,21
health,23
streamingmedia,29
informationtech,32
travel,36
sports,39
entertainment,111
education,141
shopping,157
business,166
newsandmedia,296
uncategorized,841
